{

  "Routes": [

    {

      "DownstreamPathTemplate": "/api/User/{everything}",

      "DownstreamScheme": "http",

      "DownstreamHostAndPorts": [

        {

          "Host": "localhost",

          "Port": 5260

        }

      ],

      "UpstreamPathTemplate": "/User/{everything}",

      "UpstreamHttpMethod": [ "GET", "POST" ,"PUT" ]

    },

    {

      "DownstreamPathTemplate": "/api/Admin/{everything}",

      "DownstreamScheme": "http",

      "DownstreamHostAndPorts": [

        {

          "Host": "localhost",

          "Port": 5070

        }

      ],

      "UpstreamPathTemplate": "/Admin/{everything}",

      "UpstreamHttpMethod": [ "GET", "POST", "PUT" ]

    },

    {

      "DownstreamPathTemplate": "/api/Student/{everything}",

      "DownstreamScheme": "http",

      "DownstreamHostAndPorts": [

        {

          "Host": "localhost",

          "Port": 5073

        }

      ],

      "UpstreamPathTemplate": "/Student/{everything}",

      "UpstreamHttpMethod": [ "GET", "POST", "PUT" ]

    },

    {

      "DownstreamPathTemplate": "/api/Faculty/{everything}",

      "DownstreamScheme": "http",

      "DownstreamHostAndPorts": [

        {

          "Host": "localhost",

          "Port": 5276

        }

      ],

      "UpstreamPathTemplate": "/Faculty/{everything}",

      "UpstreamHttpMethod": [ "GET", "POST", "PUT", "DELETE" ]

    },

    {

      "DownstreamPathTemplate": "/api/Post/{everything}",

      "DownstreamScheme": "http",

      "DownstreamHostAndPorts": [

        {

          "Host": "localhost",

          "Port": 5278

        }

      ],

      "UpstreamPathTemplate": "/Post/{everything}",

      "UpstreamHttpMethod": [ "GET", "POST", "PUT" ]

    },

    {

      "DownstreamPathTemplate": "/api/Chat/{everything}",

      "DownstreamScheme": "http",

      "DownstreamHostAndPorts": [

        {

          "Host": "localhost",

          "Port": 5076

        }

      ],

      "UpstreamPathTemplate": "/Chat/{everything}",

      "UpstreamHttpMethod": [ "POST", "GET" ]

    },

    {

      "DownstreamPathTemplate": "/api/Event/{everything}",

      "DownstreamScheme": "http",

      "DownstreamHostAndPorts": [

        {

          "Host": "localhost",

          "Port": 5094

        }

      ],

      "UpstreamPathTemplate": "/Event/{everything}",

      "UpstreamHttpMethod": [ "POST", "GET" ]

    },

    {

      "DownstreamPathTemplate": "/api/Placement/{everything}",

      "DownstreamScheme": "http",

      "DownstreamHostAndPorts": [

        {

          "Host": "localhost",

          "Port": 5252

        }

      ],

      "UpstreamPathTemplate": "/Placement/{everything}",

      "UpstreamHttpMethod": [ "POST", "GET" ]

    }

  ],

  "GlobalConfiguration": {

    "BaseUrl": "http://localhost:5000"

  }

}
 